id,title,runtime,image,comedian_id
1,The Interviews: An Oral History of Television,120,https://bit.ly/2TYBvV1,1
2,George Carlin: Life Is Worth Losing,75,https://bit.ly/2zyS9SH,1
3,Dave Chappelle: Equanimity,60,https://bit.ly/2Ro7wEu,2
4,Dave Chappelle: The Bird Revelation,49,https://bit.ly/2Ay9wmq,2
5,Deep in the Heart of Texas: Dave Chappelle Live at Austin City Limits,66,https://bit.ly/2KHylRj,2
6,Night of Too Many Stars,130,https://bit.ly/2FPohag,3
7,Saturday Night Live: 40th Anniversary Special,106,https://bit.ly/2P8322L,3
8,Aziz Ansari Live in Madison Square Garden,58,https://bit.ly/2DTcx45,4
9,How to Make a Man,30,https://bit.ly/2RmQBSI,4
10,Aziz Ansari: Buried Alive,80,https://bit.ly/2r9HLMA,4
11,Jim Gaffigan: Noble Ape,90,https://bit.ly/2BHvtRJ,5
12,Jim Gaffigan: Cinco,73,https://bit.ly/2ABD0zw,5
13,Stewart Lee: Carpet Remnant World,123,https://bit.ly/2TU4wRQ,6
14,100 Greatest Stand-Ups,240,https://bit.ly/2KGMBK3,6
15,"Stewart Lee: If You Prefer a Milder Comedian, Please Ask for One",105,https://bit.ly/2P9wzJe,6
16,Richard Pryor... Here and Now ,83,https://bit.ly/2zxBfUn,7
17,Richard Pryor: Live on the Sunset Strip,82,https://bit.ly/2TXVnaQ,7
18,Daniel Tosh: People Pleaser,62,https://bit.ly/2Roj36D,8
19,Daniel Tosh: Happy Thoughts,60,https://bit.ly/2reDzva,8
20,Daniel Tosh: Completely Serious ,60,https://bit.ly/2zzZMIv,8
21,Anthony Jeselnik: Thoughts and Prayers,59,https://bit.ly/2QnKMqZ,9
22,Anthony Jeselnik: Caligula,59,https://bit.ly/2FOvZl0,9
23,Bill Burr: Walk Your Way Out,77,https://bit.ly/2Q51a08,10
24,Bill Burr: I'm Sorry You Feel That Way,80,https://bit.ly/2AybvHq,10
25,Bill Burr: Let It Go,65,https://bit.ly/2SifAGJ,10
26,Ricky Gervais: Humanity,79,https://bit.ly/2FQwHy0,11
27,Ricky Gervais Live: Animals,73,https://bit.ly/2E4IxTw,11
28,Kevin Hart: I'm a Grown Little Man,73,https://bit.ly/2AvwZEG,12
29,Kevin Hart: Let Me Explain,75,https://bit.ly/2FOGa90,12
30,Kevin Hart: What Now?,96,https://bit.ly/2BGoLvj,12